website,Dietary Options
greenchef,Balanced
greenchef,Low Carb
greenchef,High Protein
greenchef,Low Calorie
greenchef,Vegan
greenchef,Quick & Easy
greenchef,Gluten-Free
greenchef,Gut & Brain Health
hellofresh,Mostly Meat
hellofresh,Family Friendly
hellofresh,Carb Smart
hellofresh,Low Calorie
hellofresh,Vegan
hellofresh,Quick and Easy
hellofresh,Pescatarian
hellofresh,High Protien
homechef,Protein-Packed
homechef,Carb-Conscious
homechef,Vegan
makegoodfood,Easy Prep
makegoodfood,Family
makegoodfood,classic
makegoodfood,vegetarian
makegoodfood,low carb
chef's plate,Meat & Vegetables
chef's plate,Family Friendly
chef's plate,Vegan
chef's plate,Speedy & Simple
chef's plate,Meat & Vegetables
chef's plate,Family Friendly
chef's plate,Vegan
chef's plate,Speedy & Simple
chef's plate,Meat & Vegetables
chef's plate,Family Friendly
chef's plate,Vegan
chef's plate,Speedy & Simple
